{
    "results": {
        "0": "not-sarcasm",
        "1": "not-sarcasm",
        "2": "not-sarcasm",
        "3": "not-sarcasm",
        "4": "multi-sarcasm",
        "5": "not-sarcasm",
        "6": "not-sarcasm",
        "7": "not-sarcasm",
        "8": "not-sarcasm",
        "9": "multi-sarcasm",
        "10": "multi-sarcasm",
        "11": "not-sarcasm",
        "12": "not-sarcasm",
        "13": "not-sarcasm",
        "14": "not-sarcasm",
        "15": "not-sarcasm",
        "16": "not-sarcasm",
        "17": "multi-sarcasm",
        "18": "multi-sarcasm",
        "19": "multi-sarcasm",
        "20": "image-sarcasm",
        "21": "not-sarcasm",
        "22": "not-sarcasm",
        "23": "multi-sarcasm",
        "24": "multi-sarcasm",
        "25": "image-sarcasm",
        "26": "multi-sarcasm",
        "27": "not-sarcasm",
        "28": "multi-sarcasm",
        "29": "not-sarcasm",
        "30": "multi-sarcasm",
        "31": "not-sarcasm",
        "32": "not-sarcasm",
        "33": "not-sarcasm",
        "34": "not-sarcasm",
        "35": "not-sarcasm",
        "36": "multi-sarcasm",
        "37": "multi-sarcasm",
        "38": "multi-sarcasm",
        "39": "multi-sarcasm",
        "40": "multi-sarcasm",
        "41": "multi-sarcasm",
        "42": "multi-sarcasm",
        "43": "multi-sarcasm",
        "44": "multi-sarcasm",
        "45": "multi-sarcasm",
        "46": "multi-sarcasm",
        "47": "multi-sarcasm",
        "48": "not-sarcasm",
        "49": "not-sarcasm",
        "50": "not-sarcasm",
        "51": "not-sarcasm",
        "52": "multi-sarcasm",
        "53": "image-sarcasm",
        "54": "not-sarcasm",
        "55": "not-sarcasm",
        "56": "not-sarcasm",
        "57": "multi-sarcasm",
        "58": "multi-sarcasm",
        "59": "multi-sarcasm",
        "60": "multi-sarcasm",
        "61": "multi-sarcasm",
        "62": "multi-sarcasm",
        "63": "not-sarcasm",
        "64": "multi-sarcasm",
        "65": "multi-sarcasm",
        "66": "multi-sarcasm",
        "67": "multi-sarcasm",
        "68": "multi-sarcasm",
        "69": "not-sarcasm",
        "70": "not-sarcasm",
        "71": "multi-sarcasm",
        "72": "image-sarcasm",
        "73": "image-sarcasm",
        "74": "multi-sarcasm",
        "75": "multi-sarcasm",
        "76": "not-sarcasm",
        "77": "not-sarcasm",
        "78": "not-sarcasm",
        "79": "image-sarcasm",
        "80": "image-sarcasm",
        "81": "not-sarcasm",
        "82": "multi-sarcasm",
        "83": "image-sarcasm",
        "84": "not-sarcasm",
        "85": "multi-sarcasm",
        "86": "multi-sarcasm",
        "87": "multi-sarcasm",
        "88": "multi-sarcasm",
        "89": "multi-sarcasm",
        "90": "multi-sarcasm",
        "91": "multi-sarcasm",
        "92": "multi-sarcasm",
        "93": "not-sarcasm",
        "94": "multi-sarcasm",
        "95": "not-sarcasm",
        "96": "multi-sarcasm",
        "97": "multi-sarcasm",
        "98": "multi-sarcasm",
        "99": "multi-sarcasm",
        "100": "not-sarcasm",
        "101": "not-sarcasm",
        "102": "image-sarcasm",
        "103": "image-sarcasm",
        "104": "multi-sarcasm",
        "105": "not-sarcasm",
        "106": "multi-sarcasm",
        "107": "multi-sarcasm",
        "108": "not-sarcasm",
        "109": "multi-sarcasm",
        "110": "not-sarcasm",
        "111": "not-sarcasm",
        "112": "multi-sarcasm",
        "113": "multi-sarcasm",
        "114": "not-sarcasm",
        "115": "image-sarcasm",
        "116": "multi-sarcasm",
        "117": "not-sarcasm",
        "118": "not-sarcasm",
        "119": "not-sarcasm",
        "120": "multi-sarcasm",
        "121": "multi-sarcasm",
        "122": "not-sarcasm",
        "123": "not-sarcasm",
        "124": "multi-sarcasm",
        "125": "not-sarcasm",
        "126": "not-sarcasm",
        "127": "not-sarcasm",
        "128": "not-sarcasm",
        "129": "not-sarcasm",
        "130": "not-sarcasm",
        "131": "not-sarcasm",
        "132": "image-sarcasm",
        "133": "image-sarcasm",
        "134": "not-sarcasm",
        "135": "image-sarcasm",
        "136": "multi-sarcasm",
        "137": "multi-sarcasm",
        "138": "not-sarcasm",
        "139": "multi-sarcasm",
        "140": "multi-sarcasm",
        "141": "image-sarcasm",
        "142": "multi-sarcasm",
        "143": "multi-sarcasm",
        "144": "not-sarcasm",
        "145": "multi-sarcasm",
        "146": "multi-sarcasm",
        "147": "multi-sarcasm",
        "148": "not-sarcasm",
        "149": "image-sarcasm",
        "150": "multi-sarcasm",
        "151": "multi-sarcasm",
        "152": "multi-sarcasm",
        "153": "multi-sarcasm",
        "154": "multi-sarcasm",
        "155": "not-sarcasm",
        "156": "not-sarcasm",
        "157": "not-sarcasm",
        "158": "not-sarcasm",
        "159": "not-sarcasm",
        "160": "not-sarcasm",
        "161": "image-sarcasm",
        "162": "image-sarcasm",
        "163": "multi-sarcasm",
        "164": "multi-sarcasm",
        "165": "multi-sarcasm",
        "166": "multi-sarcasm",
        "167": "not-sarcasm",
        "168": "not-sarcasm",
        "169": "not-sarcasm",
        "170": "not-sarcasm",
        "171": "not-sarcasm",
        "172": "multi-sarcasm",
        "173": "multi-sarcasm",
        "174": "not-sarcasm",
        "175": "multi-sarcasm",
        "176": "not-sarcasm",
        "177": "multi-sarcasm",
        "178": "multi-sarcasm",
        "179": "multi-sarcasm",
        "180": "multi-sarcasm",
        "181": "multi-sarcasm",
        "182": "multi-sarcasm",
        "183": "multi-sarcasm",
        "184": "not-sarcasm",
        "185": "not-sarcasm",
        "186": "multi-sarcasm",
        "187": "multi-sarcasm",
        "188": "multi-sarcasm",
        "189": "multi-sarcasm",
        "190": "multi-sarcasm",
        "191": "multi-sarcasm",
        "192": "not-sarcasm",
        "193": "multi-sarcasm",
        "194": "multi-sarcasm",
        "195": "multi-sarcasm",
        "196": "multi-sarcasm",
        "197": "multi-sarcasm",
        "198": "not-sarcasm",
        "199": "not-sarcasm",
        "200": "not-sarcasm",
        "201": "not-sarcasm",
        "202": "not-sarcasm",
        "203": "image-sarcasm",
        "204": "multi-sarcasm",
        "205": "multi-sarcasm",
        "206": "multi-sarcasm",
        "207": "not-sarcasm",
        "208": "multi-sarcasm",
        "209": "not-sarcasm",
        "210": "multi-sarcasm",
        "211": "not-sarcasm",
        "212": "multi-sarcasm",
        "213": "not-sarcasm",
        "214": "not-sarcasm",
        "215": "multi-sarcasm",
        "216": "multi-sarcasm",
        "217": "multi-sarcasm",
        "218": "multi-sarcasm",
        "219": "multi-sarcasm",
        "220": "multi-sarcasm",
        "221": "multi-sarcasm",
        "222": "multi-sarcasm",
        "223": "multi-sarcasm",
        "224": "image-sarcasm",
        "225": "image-sarcasm",
        "226": "not-sarcasm",
        "227": "not-sarcasm",
        "228": "multi-sarcasm",
        "229": "not-sarcasm",
        "230": "not-sarcasm",
        "231": "not-sarcasm",
        "232": "multi-sarcasm",
        "233": "multi-sarcasm",
        "234": "not-sarcasm",
        "235": "not-sarcasm",
        "236": "not-sarcasm",
        "237": "not-sarcasm",
        "238": "not-sarcasm",
        "239": "not-sarcasm",
        "240": "not-sarcasm",
        "241": "not-sarcasm",
        "242": "not-sarcasm",
        "243": "multi-sarcasm",
        "244": "multi-sarcasm",
        "245": "multi-sarcasm",
        "246": "not-sarcasm",
        "247": "not-sarcasm",
        "248": "not-sarcasm",
        "249": "not-sarcasm",
        "250": "multi-sarcasm",
        "251": "multi-sarcasm",
        "252": "multi-sarcasm",
        "253": "image-sarcasm",
        "254": "not-sarcasm",
        "255": "multi-sarcasm",
        "256": "not-sarcasm",
        "257": "not-sarcasm",
        "258": "multi-sarcasm",
        "259": "multi-sarcasm",
        "260": "not-sarcasm",
        "261": "multi-sarcasm",
        "262": "multi-sarcasm",
        "263": "image-sarcasm",
        "264": "not-sarcasm",
        "265": "not-sarcasm",
        "266": "not-sarcasm",
        "267": "not-sarcasm",
        "268": "not-sarcasm",
        "269": "not-sarcasm",
        "270": "not-sarcasm",
        "271": "not-sarcasm",
        "272": "not-sarcasm",
        "273": "not-sarcasm",
        "274": "not-sarcasm",
        "275": "image-sarcasm",
        "276": "multi-sarcasm",
        "277": "multi-sarcasm",
        "278": "not-sarcasm",
        "279": "not-sarcasm",
        "280": "not-sarcasm",
        "281": "not-sarcasm",
        "282": "not-sarcasm",
        "283": "not-sarcasm",
        "284": "not-sarcasm",
        "285": "not-sarcasm",
        "286": "not-sarcasm",
        "287": "not-sarcasm",
        "288": "multi-sarcasm",
        "289": "multi-sarcasm",
        "290": "not-sarcasm",
        "291": "image-sarcasm",
        "292": "multi-sarcasm",
        "293": "multi-sarcasm",
        "294": "image-sarcasm",
        "295": "image-sarcasm",
        "296": "multi-sarcasm",
        "297": "not-sarcasm",
        "298": "image-sarcasm",
        "299": "not-sarcasm",
        "300": "not-sarcasm",
        "301": "not-sarcasm",
        "302": "not-sarcasm",
        "303": "not-sarcasm",
        "304": "not-sarcasm",
        "305": "not-sarcasm",
        "306": "image-sarcasm",
        "307": "image-sarcasm",
        "308": "multi-sarcasm",
        "309": "multi-sarcasm",
        "310": "multi-sarcasm",
        "311": "multi-sarcasm",
        "312": "image-sarcasm",
        "313": "multi-sarcasm",
        "314": "image-sarcasm",
        "315": "image-sarcasm",
        "316": "multi-sarcasm",
        "317": "multi-sarcasm",
        "318": "image-sarcasm",
        "319": "not-sarcasm",
        "320": "multi-sarcasm",
        "321": "multi-sarcasm",
        "322": "multi-sarcasm",
        "323": "multi-sarcasm",
        "324": "image-sarcasm",
        "325": "image-sarcasm",
        "326": "not-sarcasm",
        "327": "not-sarcasm",
        "328": "not-sarcasm",
        "329": "not-sarcasm",
        "330": "multi-sarcasm",
        "331": "multi-sarcasm",
        "332": "multi-sarcasm",
        "333": "image-sarcasm",
        "334": "not-sarcasm",
        "335": "multi-sarcasm",
        "336": "multi-sarcasm",
        "337": "image-sarcasm",
        "338": "multi-sarcasm",
        "339": "multi-sarcasm",
        "340": "multi-sarcasm",
        "341": "multi-sarcasm",
        "342": "multi-sarcasm",
        "343": "not-sarcasm",
        "344": "not-sarcasm",
        "345": "not-sarcasm",
        "346": "not-sarcasm",
        "347": "multi-sarcasm",
        "348": "not-sarcasm",
        "349": "image-sarcasm",
        "350": "multi-sarcasm",
        "351": "multi-sarcasm",
        "352": "not-sarcasm",
        "353": "image-sarcasm",
        "354": "not-sarcasm",
        "355": "multi-sarcasm",
        "356": "multi-sarcasm",
        "357": "multi-sarcasm",
        "358": "multi-sarcasm",
        "359": "not-sarcasm",
        "360": "not-sarcasm",
        "361": "not-sarcasm",
        "362": "multi-sarcasm",
        "363": "not-sarcasm",
        "364": "not-sarcasm",
        "365": "not-sarcasm",
        "366": "not-sarcasm",
        "367": "not-sarcasm",
        "368": "not-sarcasm",
        "369": "not-sarcasm",
        "370": "not-sarcasm",
        "371": "not-sarcasm",
        "372": "not-sarcasm",
        "373": "not-sarcasm",
        "374": "not-sarcasm",
        "375": "not-sarcasm",
        "376": "not-sarcasm",
        "377": "not-sarcasm",
        "378": "multi-sarcasm",
        "379": "multi-sarcasm",
        "380": "not-sarcasm",
        "381": "not-sarcasm",
        "382": "not-sarcasm",
        "383": "not-sarcasm",
        "384": "not-sarcasm",
        "385": "not-sarcasm",
        "386": "not-sarcasm",
        "387": "multi-sarcasm",
        "388": "multi-sarcasm",
        "389": "not-sarcasm",
        "390": "not-sarcasm",
        "391": "not-sarcasm",
        "392": "not-sarcasm",
        "393": "not-sarcasm",
        "394": "not-sarcasm",
        "395": "not-sarcasm",
        "396": "not-sarcasm",
        "397": "not-sarcasm",
        "398": "not-sarcasm",
        "399": "not-sarcasm",
        "400": "not-sarcasm",
        "401": "not-sarcasm",
        "402": "multi-sarcasm",
        "403": "not-sarcasm",
        "404": "not-sarcasm",
        "405": "multi-sarcasm",
        "406": "multi-sarcasm",
        "407": "multi-sarcasm",
        "408": "image-sarcasm",
        "409": "not-sarcasm",
        "410": "not-sarcasm",
        "411": "not-sarcasm",
        "412": "not-sarcasm",
        "413": "not-sarcasm",
        "414": "not-sarcasm",
        "415": "not-sarcasm",
        "416": "not-sarcasm",
        "417": "not-sarcasm",
        "418": "multi-sarcasm",
        "419": "multi-sarcasm",
        "420": "multi-sarcasm",
        "421": "not-sarcasm",
        "422": "not-sarcasm",
        "423": "not-sarcasm",
        "424": "not-sarcasm",
        "425": "not-sarcasm",
        "426": "not-sarcasm",
        "427": "not-sarcasm",
        "428": "not-sarcasm",
        "429": "not-sarcasm",
        "430": "not-sarcasm",
        "431": "multi-sarcasm",
        "432": "not-sarcasm",
        "433": "not-sarcasm",
        "434": "not-sarcasm",
        "435": "not-sarcasm",
        "436": "not-sarcasm",
        "437": "not-sarcasm",
        "438": "not-sarcasm",
        "439": "not-sarcasm",
        "440": "not-sarcasm",
        "441": "not-sarcasm",
        "442": "not-sarcasm",
        "443": "multi-sarcasm",
        "444": "multi-sarcasm",
        "445": "multi-sarcasm",
        "446": "multi-sarcasm",
        "447": "multi-sarcasm",
        "448": "multi-sarcasm",
        "449": "image-sarcasm",
        "450": "multi-sarcasm",
        "451": "multi-sarcasm",
        "452": "multi-sarcasm",
        "453": "image-sarcasm",
        "454": "image-sarcasm",
        "455": "not-sarcasm",
        "456": "not-sarcasm",
        "457": "not-sarcasm",
        "458": "not-sarcasm",
        "459": "image-sarcasm",
        "460": "image-sarcasm",
        "461": "multi-sarcasm",
        "462": "multi-sarcasm",
        "463": "not-sarcasm",
        "464": "not-sarcasm",
        "465": "not-sarcasm",
        "466": "not-sarcasm",
        "467": "not-sarcasm",
        "468": "multi-sarcasm",
        "469": "not-sarcasm",
        "470": "not-sarcasm",
        "471": "multi-sarcasm",
        "472": "image-sarcasm",
        "473": "not-sarcasm",
        "474": "not-sarcasm",
        "475": "multi-sarcasm",
        "476": "multi-sarcasm",
        "477": "multi-sarcasm",
        "478": "multi-sarcasm",
        "479": "image-sarcasm",
        "480": "image-sarcasm",
        "481": "multi-sarcasm",
        "482": "multi-sarcasm",
        "483": "image-sarcasm",
        "484": "multi-sarcasm",
        "485": "image-sarcasm",
        "486": "not-sarcasm",
        "487": "not-sarcasm",
        "488": "not-sarcasm",
        "489": "not-sarcasm",
        "490": "not-sarcasm",
        "491": "multi-sarcasm",
        "492": "multi-sarcasm",
        "493": "multi-sarcasm",
        "494": "multi-sarcasm",
        "495": "image-sarcasm",
        "496": "not-sarcasm",
        "497": "multi-sarcasm",
        "498": "multi-sarcasm",
        "499": "not-sarcasm",
        "500": "multi-sarcasm",
        "501": "image-sarcasm",
        "502": "multi-sarcasm",
        "503": "not-sarcasm",
        "504": "multi-sarcasm",
        "505": "image-sarcasm",
        "506": "not-sarcasm",
        "507": "not-sarcasm",
        "508": "not-sarcasm",
        "509": "not-sarcasm",
        "510": "not-sarcasm",
        "511": "image-sarcasm",
        "512": "multi-sarcasm",
        "513": "multi-sarcasm",
        "514": "multi-sarcasm",
        "515": "multi-sarcasm",
        "516": "multi-sarcasm",
        "517": "not-sarcasm",
        "518": "multi-sarcasm",
        "519": "image-sarcasm",
        "520": "multi-sarcasm",
        "521": "multi-sarcasm",
        "522": "not-sarcasm",
        "523": "not-sarcasm",
        "524": "not-sarcasm",
        "525": "not-sarcasm",
        "526": "not-sarcasm",
        "527": "not-sarcasm",
        "528": "not-sarcasm",
        "529": "not-sarcasm",
        "530": "multi-sarcasm",
        "531": "multi-sarcasm",
        "532": "multi-sarcasm",
        "533": "multi-sarcasm",
        "534": "multi-sarcasm",
        "535": "multi-sarcasm",
        "536": "not-sarcasm",
        "537": "not-sarcasm",
        "538": "not-sarcasm",
        "539": "not-sarcasm",
        "540": "multi-sarcasm",
        "541": "multi-sarcasm",
        "542": "multi-sarcasm",
        "543": "multi-sarcasm",
        "544": "image-sarcasm",
        "545": "image-sarcasm",
        "546": "multi-sarcasm",
        "547": "multi-sarcasm",
        "548": "image-sarcasm",
        "549": "multi-sarcasm",
        "550": "not-sarcasm",
        "551": "image-sarcasm",
        "552": "image-sarcasm",
        "553": "image-sarcasm",
        "554": "multi-sarcasm",
        "555": "multi-sarcasm",
        "556": "multi-sarcasm",
        "557": "multi-sarcasm",
        "558": "multi-sarcasm",
        "559": "image-sarcasm",
        "560": "multi-sarcasm",
        "561": "multi-sarcasm",
        "562": "image-sarcasm",
        "563": "image-sarcasm",
        "564": "not-sarcasm",
        "565": "image-sarcasm",
        "566": "multi-sarcasm",
        "567": "multi-sarcasm",
        "568": "image-sarcasm",
        "569": "not-sarcasm",
        "570": "multi-sarcasm",
        "571": "not-sarcasm",
        "572": "multi-sarcasm",
        "573": "multi-sarcasm",
        "574": "multi-sarcasm",
        "575": "image-sarcasm",
        "576": "multi-sarcasm",
        "577": "multi-sarcasm",
        "578": "multi-sarcasm",
        "579": "multi-sarcasm",
        "580": "multi-sarcasm",
        "581": "image-sarcasm",
        "582": "multi-sarcasm",
        "583": "multi-sarcasm",
        "584": "multi-sarcasm",
        "585": "multi-sarcasm",
        "586": "image-sarcasm",
        "587": "multi-sarcasm",
        "588": "multi-sarcasm",
        "589": "multi-sarcasm",
        "590": "multi-sarcasm",
        "591": "multi-sarcasm",
        "592": "image-sarcasm",
        "593": "multi-sarcasm",
        "594": "multi-sarcasm",
        "595": "multi-sarcasm",
        "596": "multi-sarcasm",
        "597": "multi-sarcasm",
        "598": "multi-sarcasm",
        "599": "multi-sarcasm",
        "600": "image-sarcasm",
        "601": "multi-sarcasm",
        "602": "multi-sarcasm",
        "603": "multi-sarcasm",
        "604": "multi-sarcasm",
        "605": "multi-sarcasm",
        "606": "multi-sarcasm",
        "607": "image-sarcasm",
        "608": "image-sarcasm",
        "609": "image-sarcasm",
        "610": "image-sarcasm",
        "611": "image-sarcasm",
        "612": "multi-sarcasm",
        "613": "image-sarcasm",
        "614": "multi-sarcasm",
        "615": "not-sarcasm",
        "616": "multi-sarcasm",
        "617": "multi-sarcasm",
        "618": "multi-sarcasm",
        "619": "image-sarcasm",
        "620": "multi-sarcasm",
        "621": "multi-sarcasm",
        "622": "multi-sarcasm",
        "623": "multi-sarcasm",
        "624": "multi-sarcasm",
        "625": "multi-sarcasm",
        "626": "multi-sarcasm",
        "627": "multi-sarcasm",
        "628": "multi-sarcasm",
        "629": "multi-sarcasm",
        "630": "multi-sarcasm",
        "631": "multi-sarcasm",
        "632": "multi-sarcasm",
        "633": "image-sarcasm",
        "634": "multi-sarcasm",
        "635": "multi-sarcasm",
        "636": "multi-sarcasm",
        "637": "image-sarcasm",
        "638": "multi-sarcasm",
        "639": "multi-sarcasm",
        "640": "image-sarcasm",
        "641": "not-sarcasm",
        "642": "multi-sarcasm",
        "643": "multi-sarcasm",
        "644": "multi-sarcasm",
        "645": "multi-sarcasm",
        "646": "image-sarcasm",
        "647": "image-sarcasm",
        "648": "multi-sarcasm",
        "649": "multi-sarcasm",
        "650": "multi-sarcasm",
        "651": "multi-sarcasm",
        "652": "multi-sarcasm",
        "653": "image-sarcasm",
        "654": "image-sarcasm",
        "655": "image-sarcasm",
        "656": "multi-sarcasm",
        "657": "multi-sarcasm",
        "658": "multi-sarcasm",
        "659": "multi-sarcasm",
        "660": "multi-sarcasm",
        "661": "multi-sarcasm",
        "662": "multi-sarcasm",
        "663": "multi-sarcasm",
        "664": "multi-sarcasm",
        "665": "multi-sarcasm",
        "666": "multi-sarcasm",
        "667": "multi-sarcasm",
        "668": "multi-sarcasm",
        "669": "multi-sarcasm",
        "670": "multi-sarcasm",
        "671": "multi-sarcasm",
        "672": "multi-sarcasm",
        "673": "image-sarcasm",
        "674": "multi-sarcasm",
        "675": "multi-sarcasm",
        "676": "image-sarcasm",
        "677": "multi-sarcasm",
        "678": "multi-sarcasm",
        "679": "image-sarcasm",
        "680": "image-sarcasm",
        "681": "multi-sarcasm",
        "682": "image-sarcasm",
        "683": "image-sarcasm",
        "684": "image-sarcasm",
        "685": "multi-sarcasm",
        "686": "multi-sarcasm",
        "687": "image-sarcasm",
        "688": "image-sarcasm",
        "689": "image-sarcasm",
        "690": "multi-sarcasm",
        "691": "multi-sarcasm",
        "692": "multi-sarcasm",
        "693": "image-sarcasm",
        "694": "multi-sarcasm",
        "695": "multi-sarcasm",
        "696": "multi-sarcasm",
        "697": "multi-sarcasm",
        "698": "image-sarcasm",
        "699": "image-sarcasm",
        "700": "multi-sarcasm",
        "701": "image-sarcasm",
        "702": "multi-sarcasm",
        "703": "multi-sarcasm",
        "704": "multi-sarcasm",
        "705": "multi-sarcasm",
        "706": "multi-sarcasm",
        "707": "multi-sarcasm",
        "708": "multi-sarcasm",
        "709": "multi-sarcasm",
        "710": "multi-sarcasm",
        "711": "multi-sarcasm",
        "712": "image-sarcasm",
        "713": "multi-sarcasm",
        "714": "multi-sarcasm",
        "715": "multi-sarcasm",
        "716": "multi-sarcasm",
        "717": "multi-sarcasm",
        "718": "multi-sarcasm",
        "719": "multi-sarcasm",
        "720": "multi-sarcasm",
        "721": "image-sarcasm",
        "722": "multi-sarcasm",
        "723": "multi-sarcasm",
        "724": "image-sarcasm",
        "725": "not-sarcasm",
        "726": "image-sarcasm",
        "727": "multi-sarcasm",
        "728": "multi-sarcasm",
        "729": "image-sarcasm",
        "730": "image-sarcasm",
        "731": "multi-sarcasm",
        "732": "image-sarcasm",
        "733": "multi-sarcasm",
        "734": "image-sarcasm",
        "735": "not-sarcasm",
        "736": "not-sarcasm",
        "737": "image-sarcasm",
        "738": "multi-sarcasm",
        "739": "multi-sarcasm",
        "740": "multi-sarcasm",
        "741": "multi-sarcasm",
        "742": "multi-sarcasm",
        "743": "multi-sarcasm",
        "744": "multi-sarcasm",
        "745": "multi-sarcasm",
        "746": "not-sarcasm",
        "747": "not-sarcasm",
        "748": "not-sarcasm",
        "749": "not-sarcasm",
        "750": "not-sarcasm",
        "751": "image-sarcasm",
        "752": "multi-sarcasm",
        "753": "multi-sarcasm",
        "754": "image-sarcasm",
        "755": "image-sarcasm",
        "756": "image-sarcasm",
        "757": "image-sarcasm",
        "758": "image-sarcasm",
        "759": "multi-sarcasm",
        "760": "image-sarcasm",
        "761": "multi-sarcasm",
        "762": "not-sarcasm",
        "763": "multi-sarcasm",
        "764": "not-sarcasm",
        "765": "image-sarcasm",
        "766": "image-sarcasm",
        "767": "image-sarcasm",
        "768": "not-sarcasm",
        "769": "multi-sarcasm",
        "770": "multi-sarcasm",
        "771": "image-sarcasm",
        "772": "multi-sarcasm",
        "773": "multi-sarcasm",
        "774": "image-sarcasm",
        "775": "multi-sarcasm",
        "776": "image-sarcasm",
        "777": "multi-sarcasm",
        "778": "image-sarcasm",
        "779": "image-sarcasm",
        "780": "image-sarcasm",
        "781": "image-sarcasm",
        "782": "multi-sarcasm",
        "783": "not-sarcasm",
        "784": "image-sarcasm",
        "785": "image-sarcasm",
        "786": "multi-sarcasm",
        "787": "multi-sarcasm",
        "788": "multi-sarcasm",
        "789": "image-sarcasm",
        "790": "not-sarcasm",
        "791": "image-sarcasm",
        "792": "multi-sarcasm",
        "793": "multi-sarcasm",
        "794": "image-sarcasm",
        "795": "multi-sarcasm",
        "796": "multi-sarcasm",
        "797": "image-sarcasm",
        "798": "multi-sarcasm",
        "799": "multi-sarcasm",
        "800": "image-sarcasm",
        "801": "multi-sarcasm",
        "802": "multi-sarcasm",
        "803": "not-sarcasm",
        "804": "multi-sarcasm",
        "805": "not-sarcasm",
        "806": "multi-sarcasm",
        "807": "multi-sarcasm",
        "808": "multi-sarcasm",
        "809": "image-sarcasm",
        "810": "not-sarcasm",
        "811": "image-sarcasm",
        "812": "not-sarcasm",
        "813": "image-sarcasm",
        "814": "multi-sarcasm",
        "815": "image-sarcasm",
        "816": "multi-sarcasm",
        "817": "multi-sarcasm",
        "818": "multi-sarcasm",
        "819": "image-sarcasm",
        "820": "image-sarcasm",
        "821": "multi-sarcasm",
        "822": "image-sarcasm",
        "823": "multi-sarcasm",
        "824": "multi-sarcasm",
        "825": "multi-sarcasm",
        "826": "multi-sarcasm",
        "827": "multi-sarcasm",
        "828": "image-sarcasm",
        "829": "not-sarcasm",
        "830": "not-sarcasm",
        "831": "multi-sarcasm",
        "832": "image-sarcasm",
        "833": "image-sarcasm",
        "834": "multi-sarcasm",
        "835": "image-sarcasm",
        "836": "multi-sarcasm",
        "837": "multi-sarcasm",
        "838": "image-sarcasm",
        "839": "multi-sarcasm",
        "840": "multi-sarcasm",
        "841": "multi-sarcasm",
        "842": "multi-sarcasm",
        "843": "multi-sarcasm",
        "844": "image-sarcasm",
        "845": "multi-sarcasm",
        "846": "image-sarcasm",
        "847": "multi-sarcasm",
        "848": "multi-sarcasm",
        "849": "image-sarcasm",
        "850": "multi-sarcasm",
        "851": "image-sarcasm",
        "852": "multi-sarcasm",
        "853": "image-sarcasm",
        "854": "not-sarcasm",
        "855": "image-sarcasm",
        "856": "not-sarcasm",
        "857": "image-sarcasm",
        "858": "image-sarcasm",
        "859": "not-sarcasm",
        "860": "multi-sarcasm",
        "861": "multi-sarcasm",
        "862": "multi-sarcasm",
        "863": "image-sarcasm",
        "864": "image-sarcasm",
        "865": "multi-sarcasm",
        "866": "multi-sarcasm",
        "867": "image-sarcasm",
        "868": "multi-sarcasm",
        "869": "multi-sarcasm",
        "870": "multi-sarcasm",
        "871": "image-sarcasm",
        "872": "image-sarcasm",
        "873": "multi-sarcasm",
        "874": "multi-sarcasm",
        "875": "multi-sarcasm",
        "876": "image-sarcasm",
        "877": "multi-sarcasm",
        "878": "multi-sarcasm",
        "879": "not-sarcasm",
        "880": "multi-sarcasm",
        "881": "image-sarcasm",
        "882": "image-sarcasm",
        "883": "multi-sarcasm",
        "884": "image-sarcasm",
        "885": "multi-sarcasm",
        "886": "image-sarcasm",
        "887": "multi-sarcasm",
        "888": "image-sarcasm",
        "889": "image-sarcasm",
        "890": "image-sarcasm",
        "891": "image-sarcasm",
        "892": "not-sarcasm",
        "893": "multi-sarcasm",
        "894": "multi-sarcasm",
        "895": "multi-sarcasm",
        "896": "multi-sarcasm",
        "897": "image-sarcasm",
        "898": "multi-sarcasm",
        "899": "multi-sarcasm",
        "900": "image-sarcasm",
        "901": "image-sarcasm",
        "902": "multi-sarcasm",
        "903": "multi-sarcasm",
        "904": "multi-sarcasm",
        "905": "not-sarcasm",
        "906": "multi-sarcasm",
        "907": "not-sarcasm",
        "908": "multi-sarcasm",
        "909": "multi-sarcasm",
        "910": "image-sarcasm",
        "911": "image-sarcasm",
        "912": "image-sarcasm",
        "913": "multi-sarcasm",
        "914": "image-sarcasm",
        "915": "image-sarcasm",
        "916": "not-sarcasm",
        "917": "multi-sarcasm",
        "918": "multi-sarcasm",
        "919": "image-sarcasm",
        "920": "image-sarcasm",
        "921": "multi-sarcasm",
        "922": "multi-sarcasm",
        "923": "multi-sarcasm",
        "924": "multi-sarcasm",
        "925": "multi-sarcasm",
        "926": "multi-sarcasm",
        "927": "multi-sarcasm",
        "928": "image-sarcasm",
        "929": "image-sarcasm",
        "930": "multi-sarcasm",
        "931": "multi-sarcasm",
        "932": "multi-sarcasm",
        "933": "multi-sarcasm",
        "934": "image-sarcasm",
        "935": "multi-sarcasm",
        "936": "image-sarcasm",
        "937": "multi-sarcasm",
        "938": "multi-sarcasm",
        "939": "multi-sarcasm",
        "940": "multi-sarcasm",
        "941": "multi-sarcasm",
        "942": "multi-sarcasm",
        "943": "multi-sarcasm",
        "944": "multi-sarcasm",
        "945": "not-sarcasm",
        "946": "multi-sarcasm",
        "947": "image-sarcasm",
        "948": "multi-sarcasm",
        "949": "multi-sarcasm",
        "950": "multi-sarcasm",
        "951": "image-sarcasm",
        "952": "image-sarcasm",
        "953": "multi-sarcasm",
        "954": "multi-sarcasm",
        "955": "multi-sarcasm",
        "956": "image-sarcasm",
        "957": "multi-sarcasm",
        "958": "not-sarcasm",
        "959": "multi-sarcasm",
        "960": "multi-sarcasm",
        "961": "multi-sarcasm",
        "962": "multi-sarcasm",
        "963": "image-sarcasm",
        "964": "not-sarcasm",
        "965": "multi-sarcasm",
        "966": "multi-sarcasm",
        "967": "image-sarcasm",
        "968": "image-sarcasm",
        "969": "multi-sarcasm",
        "970": "multi-sarcasm",
        "971": "image-sarcasm",
        "972": "multi-sarcasm",
        "973": "image-sarcasm",
        "974": "multi-sarcasm",
        "975": "multi-sarcasm",
        "976": "multi-sarcasm",
        "977": "multi-sarcasm",
        "978": "multi-sarcasm",
        "979": "multi-sarcasm",
        "980": "image-sarcasm",
        "981": "image-sarcasm",
        "982": "not-sarcasm",
        "983": "multi-sarcasm",
        "984": "image-sarcasm",
        "985": "multi-sarcasm",
        "986": "multi-sarcasm",
        "987": "image-sarcasm",
        "988": "multi-sarcasm",
        "989": "multi-sarcasm",
        "990": "multi-sarcasm",
        "991": "multi-sarcasm",
        "992": "multi-sarcasm",
        "993": "multi-sarcasm",
        "994": "multi-sarcasm",
        "995": "multi-sarcasm",
        "996": "multi-sarcasm",
        "997": "multi-sarcasm",
        "998": "multi-sarcasm",
        "999": "multi-sarcasm",
        "1000": "multi-sarcasm",
        "1001": "multi-sarcasm",
        "1002": "multi-sarcasm",
        "1003": "image-sarcasm",
        "1004": "multi-sarcasm",
        "1005": "multi-sarcasm",
        "1006": "multi-sarcasm",
        "1007": "image-sarcasm",
        "1008": "image-sarcasm",
        "1009": "multi-sarcasm",
        "1010": "not-sarcasm",
        "1011": "multi-sarcasm",
        "1012": "image-sarcasm",
        "1013": "multi-sarcasm",
        "1014": "multi-sarcasm",
        "1015": "image-sarcasm",
        "1016": "multi-sarcasm",
        "1017": "multi-sarcasm",
        "1018": "multi-sarcasm",
        "1019": "multi-sarcasm",
        "1020": "image-sarcasm",
        "1021": "not-sarcasm",
        "1022": "multi-sarcasm",
        "1023": "multi-sarcasm",
        "1024": "image-sarcasm",
        "1025": "multi-sarcasm",
        "1026": "multi-sarcasm",
        "1027": "multi-sarcasm",
        "1028": "multi-sarcasm",
        "1029": "not-sarcasm",
        "1030": "multi-sarcasm",
        "1031": "multi-sarcasm",
        "1032": "image-sarcasm",
        "1033": "image-sarcasm",
        "1034": "multi-sarcasm",
        "1035": "multi-sarcasm",
        "1036": "image-sarcasm",
        "1037": "multi-sarcasm",
        "1038": "multi-sarcasm",
        "1039": "image-sarcasm",
        "1040": "not-sarcasm",
        "1041": "multi-sarcasm",
        "1042": "multi-sarcasm",
        "1043": "multi-sarcasm",
        "1044": "multi-sarcasm",
        "1045": "image-sarcasm",
        "1046": "multi-sarcasm",
        "1047": "multi-sarcasm",
        "1048": "not-sarcasm",
        "1049": "multi-sarcasm",
        "1050": "not-sarcasm",
        "1051": "multi-sarcasm",
        "1052": "multi-sarcasm",
        "1053": "image-sarcasm",
        "1054": "image-sarcasm",
        "1055": "multi-sarcasm",
        "1056": "multi-sarcasm",
        "1057": "not-sarcasm",
        "1058": "multi-sarcasm",
        "1059": "image-sarcasm",
        "1060": "image-sarcasm",
        "1061": "multi-sarcasm",
        "1062": "multi-sarcasm",
        "1063": "image-sarcasm",
        "1064": "image-sarcasm",
        "1065": "image-sarcasm",
        "1066": "multi-sarcasm",
        "1067": "multi-sarcasm",
        "1068": "image-sarcasm",
        "1069": "not-sarcasm",
        "1070": "image-sarcasm",
        "1071": "multi-sarcasm",
        "1072": "multi-sarcasm",
        "1073": "multi-sarcasm",
        "1074": "image-sarcasm",
        "1075": "multi-sarcasm",
        "1076": "image-sarcasm",
        "1077": "multi-sarcasm",
        "1078": "multi-sarcasm",
        "1079": "multi-sarcasm",
        "1080": "multi-sarcasm",
        "1081": "image-sarcasm",
        "1082": "image-sarcasm",
        "1083": "multi-sarcasm",
        "1084": "multi-sarcasm",
        "1085": "multi-sarcasm",
        "1086": "image-sarcasm",
        "1087": "multi-sarcasm",
        "1088": "image-sarcasm",
        "1089": "image-sarcasm",
        "1090": "multi-sarcasm",
        "1091": "multi-sarcasm",
        "1092": "multi-sarcasm",
        "1093": "multi-sarcasm",
        "1094": "image-sarcasm",
        "1095": "image-sarcasm",
        "1096": "not-sarcasm",
        "1097": "multi-sarcasm",
        "1098": "multi-sarcasm",
        "1099": "multi-sarcasm",
        "1100": "not-sarcasm",
        "1101": "image-sarcasm",
        "1102": "multi-sarcasm",
        "1103": "multi-sarcasm",
        "1104": "multi-sarcasm",
        "1105": "multi-sarcasm",
        "1106": "multi-sarcasm",
        "1107": "image-sarcasm",
        "1108": "multi-sarcasm",
        "1109": "multi-sarcasm",
        "1110": "image-sarcasm",
        "1111": "multi-sarcasm",
        "1112": "not-sarcasm",
        "1113": "image-sarcasm",
        "1114": "multi-sarcasm",
        "1115": "multi-sarcasm",
        "1116": "image-sarcasm",
        "1117": "multi-sarcasm",
        "1118": "multi-sarcasm",
        "1119": "multi-sarcasm",
        "1120": "multi-sarcasm",
        "1121": "multi-sarcasm",
        "1122": "multi-sarcasm",
        "1123": "not-sarcasm",
        "1124": "image-sarcasm",
        "1125": "image-sarcasm",
        "1126": "multi-sarcasm",
        "1127": "multi-sarcasm",
        "1128": "multi-sarcasm",
        "1129": "image-sarcasm",
        "1130": "multi-sarcasm",
        "1131": "multi-sarcasm",
        "1132": "multi-sarcasm",
        "1133": "not-sarcasm",
        "1134": "multi-sarcasm",
        "1135": "not-sarcasm",
        "1136": "multi-sarcasm",
        "1137": "multi-sarcasm",
        "1138": "multi-sarcasm",
        "1139": "image-sarcasm",
        "1140": "multi-sarcasm",
        "1141": "image-sarcasm",
        "1142": "multi-sarcasm",
        "1143": "not-sarcasm",
        "1144": "image-sarcasm",
        "1145": "multi-sarcasm",
        "1146": "multi-sarcasm",
        "1147": "multi-sarcasm",
        "1148": "multi-sarcasm",
        "1149": "multi-sarcasm",
        "1150": "multi-sarcasm",
        "1151": "image-sarcasm",
        "1152": "image-sarcasm",
        "1153": "multi-sarcasm",
        "1154": "multi-sarcasm",
        "1155": "multi-sarcasm",
        "1156": "multi-sarcasm",
        "1157": "image-sarcasm",
        "1158": "image-sarcasm",
        "1159": "image-sarcasm",
        "1160": "multi-sarcasm",
        "1161": "image-sarcasm",
        "1162": "multi-sarcasm",
        "1163": "multi-sarcasm",
        "1164": "image-sarcasm",
        "1165": "image-sarcasm",
        "1166": "not-sarcasm",
        "1167": "multi-sarcasm",
        "1168": "multi-sarcasm",
        "1169": "image-sarcasm",
        "1170": "multi-sarcasm",
        "1171": "multi-sarcasm",
        "1172": "multi-sarcasm",
        "1173": "multi-sarcasm",
        "1174": "multi-sarcasm",
        "1175": "image-sarcasm",
        "1176": "multi-sarcasm",
        "1177": "multi-sarcasm",
        "1178": "multi-sarcasm",
        "1179": "multi-sarcasm",
        "1180": "not-sarcasm",
        "1181": "not-sarcasm",
        "1182": "multi-sarcasm",
        "1183": "multi-sarcasm",
        "1184": "image-sarcasm",
        "1185": "image-sarcasm",
        "1186": "multi-sarcasm",
        "1187": "multi-sarcasm",
        "1188": "image-sarcasm",
        "1189": "multi-sarcasm",
        "1190": "image-sarcasm",
        "1191": "multi-sarcasm",
        "1192": "not-sarcasm",
        "1193": "image-sarcasm",
        "1194": "multi-sarcasm",
        "1195": "image-sarcasm",
        "1196": "image-sarcasm",
        "1197": "image-sarcasm",
        "1198": "image-sarcasm",
        "1199": "image-sarcasm",
        "1200": "multi-sarcasm",
        "1201": "multi-sarcasm",
        "1202": "image-sarcasm",
        "1203": "multi-sarcasm",
        "1204": "multi-sarcasm",
        "1205": "image-sarcasm",
        "1206": "multi-sarcasm",
        "1207": "image-sarcasm",
        "1208": "image-sarcasm",
        "1209": "image-sarcasm",
        "1210": "multi-sarcasm",
        "1211": "image-sarcasm",
        "1212": "multi-sarcasm",
        "1213": "multi-sarcasm",
        "1214": "multi-sarcasm",
        "1215": "multi-sarcasm",
        "1216": "multi-sarcasm",
        "1217": "multi-sarcasm",
        "1218": "multi-sarcasm",
        "1219": "multi-sarcasm",
        "1220": "image-sarcasm",
        "1221": "multi-sarcasm",
        "1222": "multi-sarcasm",
        "1223": "multi-sarcasm",
        "1224": "multi-sarcasm",
        "1225": "multi-sarcasm",
        "1226": "multi-sarcasm",
        "1227": "multi-sarcasm",
        "1228": "multi-sarcasm",
        "1229": "multi-sarcasm",
        "1230": "image-sarcasm",
        "1231": "multi-sarcasm",
        "1232": "multi-sarcasm",
        "1233": "multi-sarcasm",
        "1234": "image-sarcasm",
        "1235": "image-sarcasm",
        "1236": "multi-sarcasm",
        "1237": "image-sarcasm",
        "1238": "multi-sarcasm",
        "1239": "not-sarcasm",
        "1240": "multi-sarcasm",
        "1241": "multi-sarcasm",
        "1242": "multi-sarcasm",
        "1243": "multi-sarcasm",
        "1244": "multi-sarcasm",
        "1245": "multi-sarcasm",
        "1246": "image-sarcasm",
        "1247": "multi-sarcasm",
        "1248": "multi-sarcasm",
        "1249": "multi-sarcasm",
        "1250": "multi-sarcasm",
        "1251": "multi-sarcasm",
        "1252": "multi-sarcasm",
        "1253": "multi-sarcasm",
        "1254": "image-sarcasm",
        "1255": "multi-sarcasm",
        "1256": "multi-sarcasm",
        "1257": "multi-sarcasm",
        "1258": "multi-sarcasm",
        "1259": "multi-sarcasm",
        "1260": "multi-sarcasm",
        "1261": "multi-sarcasm",
        "1262": "multi-sarcasm",
        "1263": "multi-sarcasm",
        "1264": "multi-sarcasm",
        "1265": "multi-sarcasm",
        "1266": "multi-sarcasm",
        "1267": "image-sarcasm",
        "1268": "image-sarcasm",
        "1269": "image-sarcasm",
        "1270": "image-sarcasm",
        "1271": "multi-sarcasm",
        "1272": "multi-sarcasm",
        "1273": "image-sarcasm",
        "1274": "multi-sarcasm",
        "1275": "image-sarcasm",
        "1276": "multi-sarcasm",
        "1277": "multi-sarcasm",
        "1278": "multi-sarcasm",
        "1279": "multi-sarcasm",
        "1280": "image-sarcasm",
        "1281": "multi-sarcasm",
        "1282": "multi-sarcasm",
        "1283": "multi-sarcasm",
        "1284": "multi-sarcasm",
        "1285": "multi-sarcasm",
        "1286": "image-sarcasm",
        "1287": "image-sarcasm",
        "1288": "multi-sarcasm",
        "1289": "multi-sarcasm",
        "1290": "multi-sarcasm",
        "1291": "multi-sarcasm",
        "1292": "multi-sarcasm",
        "1293": "multi-sarcasm",
        "1294": "multi-sarcasm",
        "1295": "multi-sarcasm",
        "1296": "image-sarcasm",
        "1297": "multi-sarcasm",
        "1298": "multi-sarcasm",
        "1299": "multi-sarcasm",
        "1300": "multi-sarcasm",
        "1301": "multi-sarcasm",
        "1302": "multi-sarcasm",
        "1303": "multi-sarcasm",
        "1304": "multi-sarcasm",
        "1305": "multi-sarcasm",
        "1306": "multi-sarcasm",
        "1307": "multi-sarcasm",
        "1308": "multi-sarcasm",
        "1309": "multi-sarcasm",
        "1310": "multi-sarcasm",
        "1311": "image-sarcasm",
        "1312": "not-sarcasm",
        "1313": "image-sarcasm",
        "1314": "image-sarcasm",
        "1315": "multi-sarcasm",
        "1316": "multi-sarcasm",
        "1317": "multi-sarcasm",
        "1318": "image-sarcasm",
        "1319": "image-sarcasm",
        "1320": "multi-sarcasm",
        "1321": "multi-sarcasm",
        "1322": "image-sarcasm",
        "1323": "multi-sarcasm",
        "1324": "multi-sarcasm",
        "1325": "multi-sarcasm",
        "1326": "multi-sarcasm",
        "1327": "multi-sarcasm",
        "1328": "multi-sarcasm",
        "1329": "multi-sarcasm",
        "1330": "multi-sarcasm",
        "1331": "multi-sarcasm",
        "1332": "multi-sarcasm",
        "1333": "multi-sarcasm",
        "1334": "image-sarcasm",
        "1335": "multi-sarcasm",
        "1336": "multi-sarcasm",
        "1337": "multi-sarcasm",
        "1338": "multi-sarcasm",
        "1339": "multi-sarcasm",
        "1340": "multi-sarcasm",
        "1341": "image-sarcasm",
        "1342": "image-sarcasm",
        "1343": "multi-sarcasm",
        "1344": "multi-sarcasm",
        "1345": "multi-sarcasm",
        "1346": "image-sarcasm",
        "1347": "image-sarcasm",
        "1348": "image-sarcasm",
        "1349": "image-sarcasm",
        "1350": "multi-sarcasm",
        "1351": "multi-sarcasm",
        "1352": "multi-sarcasm",
        "1353": "image-sarcasm",
        "1354": "multi-sarcasm",
        "1355": "multi-sarcasm",
        "1356": "multi-sarcasm",
        "1357": "multi-sarcasm",
        "1358": "multi-sarcasm",
        "1359": "multi-sarcasm",
        "1360": "multi-sarcasm",
        "1361": "image-sarcasm",
        "1362": "multi-sarcasm",
        "1363": "multi-sarcasm",
        "1364": "multi-sarcasm",
        "1365": "multi-sarcasm",
        "1366": "multi-sarcasm",
        "1367": "multi-sarcasm",
        "1368": "multi-sarcasm",
        "1369": "image-sarcasm",
        "1370": "image-sarcasm",
        "1371": "multi-sarcasm",
        "1372": "multi-sarcasm",
        "1373": "multi-sarcasm",
        "1374": "multi-sarcasm",
        "1375": "multi-sarcasm",
        "1376": "multi-sarcasm",
        "1377": "multi-sarcasm",
        "1378": "multi-sarcasm",
        "1379": "multi-sarcasm",
        "1380": "image-sarcasm",
        "1381": "multi-sarcasm",
        "1382": "multi-sarcasm",
        "1383": "multi-sarcasm",
        "1384": "image-sarcasm",
        "1385": "multi-sarcasm",
        "1386": "multi-sarcasm",
        "1387": "not-sarcasm",
        "1388": "not-sarcasm",
        "1389": "not-sarcasm",
        "1390": "multi-sarcasm",
        "1391": "image-sarcasm",
        "1392": "multi-sarcasm",
        "1393": "multi-sarcasm",
        "1394": "image-sarcasm",
        "1395": "image-sarcasm",
        "1396": "multi-sarcasm",
        "1397": "image-sarcasm",
        "1398": "multi-sarcasm",
        "1399": "image-sarcasm",
        "1400": "image-sarcasm",
        "1401": "multi-sarcasm",
        "1402": "multi-sarcasm",
        "1403": "multi-sarcasm",
        "1404": "image-sarcasm",
        "1405": "multi-sarcasm",
        "1406": "not-sarcasm",
        "1407": "multi-sarcasm",
        "1408": "multi-sarcasm",
        "1409": "multi-sarcasm",
        "1410": "image-sarcasm",
        "1411": "multi-sarcasm",
        "1412": "multi-sarcasm",
        "1413": "multi-sarcasm",
        "1414": "multi-sarcasm",
        "1415": "multi-sarcasm",
        "1416": "multi-sarcasm",
        "1417": "multi-sarcasm",
        "1418": "image-sarcasm",
        "1419": "multi-sarcasm",
        "1420": "multi-sarcasm",
        "1421": "multi-sarcasm",
        "1422": "multi-sarcasm",
        "1423": "not-sarcasm",
        "1424": "image-sarcasm",
        "1425": "image-sarcasm",
        "1426": "multi-sarcasm",
        "1427": "image-sarcasm",
        "1428": "multi-sarcasm",
        "1429": "image-sarcasm",
        "1430": "multi-sarcasm",
        "1431": "multi-sarcasm",
        "1432": "multi-sarcasm",
        "1433": "multi-sarcasm",
        "1434": "multi-sarcasm",
        "1435": "multi-sarcasm",
        "1436": "multi-sarcasm",
        "1437": "multi-sarcasm",
        "1438": "multi-sarcasm",
        "1439": "multi-sarcasm",
        "1440": "multi-sarcasm",
        "1441": "multi-sarcasm",
        "1442": "multi-sarcasm",
        "1443": "image-sarcasm",
        "1444": "multi-sarcasm",
        "1445": "multi-sarcasm",
        "1446": "multi-sarcasm",
        "1447": "multi-sarcasm",
        "1448": "multi-sarcasm",
        "1449": "multi-sarcasm",
        "1450": "multi-sarcasm",
        "1451": "multi-sarcasm",
        "1452": "multi-sarcasm",
        "1453": "image-sarcasm",
        "1454": "multi-sarcasm",
        "1455": "image-sarcasm",
        "1456": "multi-sarcasm",
        "1457": "multi-sarcasm",
        "1458": "multi-sarcasm",
        "1459": "multi-sarcasm",
        "1460": "multi-sarcasm",
        "1461": "multi-sarcasm",
        "1462": "image-sarcasm",
        "1463": "image-sarcasm",
        "1464": "multi-sarcasm",
        "1465": "multi-sarcasm",
        "1466": "multi-sarcasm",
        "1467": "image-sarcasm",
        "1468": "multi-sarcasm",
        "1469": "image-sarcasm",
        "1470": "image-sarcasm",
        "1471": "multi-sarcasm",
        "1472": "not-sarcasm",
        "1473": "image-sarcasm",
        "1474": "multi-sarcasm",
        "1475": "multi-sarcasm",
        "1476": "multi-sarcasm",
        "1477": "multi-sarcasm",
        "1478": "multi-sarcasm",
        "1479": "multi-sarcasm",
        "1480": "multi-sarcasm",
        "1481": "multi-sarcasm",
        "1482": "multi-sarcasm",
        "1483": "multi-sarcasm",
        "1484": "multi-sarcasm",
        "1485": "image-sarcasm",
        "1486": "multi-sarcasm",
        "1487": "image-sarcasm",
        "1488": "multi-sarcasm",
        "1489": "image-sarcasm",
        "1490": "multi-sarcasm",
        "1491": "multi-sarcasm",
        "1492": "multi-sarcasm",
        "1493": "multi-sarcasm",
        "1494": "image-sarcasm",
        "1495": "multi-sarcasm",
        "1496": "multi-sarcasm",
        "1497": "multi-sarcasm",
        "1498": "multi-sarcasm",
        "1499": "multi-sarcasm",
        "1500": "image-sarcasm",
        "1501": "multi-sarcasm",
        "1502": "multi-sarcasm",
        "1503": "multi-sarcasm"
    },
    "phase": "test"
}